saiyashasvi,yas1234,Yash,V
harshith,har1234,Harshith,Harsh
rk,rk,Raghavi,K
dk,dk,Deiva,D
shireen,shi1234,Sh,sh
shreyanth,shr1234,Shreyanth,sh
monisha,mon1234,Monisha,M
divya,div1234,Divya,Priya
ashwin,ash1234,Ashwin,Kumar
john,joh1234,Johnny,sh
jenny,jen1234,Jenny,J
peter,pet1234,Pter,P
smith,smi1234,Amith,A
kevin,kev1234,Kevin,Boudreau
bravo,bra1234,Bravo,B
guptil,gup1234,Guptil,G
ben,ben1234,Ben,Daniel
